Pakhar-A 115.13 Ha Boundary Pillars,,,
Sl No,NORTHING,EASTING,Code
1,2605201.531,256320.247,BP1
2,2605250.66,256329.539,BP2
3,2605279.989,256335.087,BP3
4,2605326.528,256316.809,BP4
5,2605373.068,256298.532,BP5
6,2605419.608,256280.254,BP6
7,2605466.147,256261.976,BP7
8,2605512.687,256243.699,BP8
9,2605559.226,256225.421,BP9
10,2605605.766,256207.143,BP10
11,2605652.305,256188.866,BP11
12,2605698.872,256170.658,BP12
13,2605745.799,256153.398,BP13
14,2605792.725,256136.138,BP14
15,2605833.071,256121.299,BP15
16,2605874.134,256149.827,BP16
17,2605915.197,256178.355,BP17
18,2605956.259,256206.883,BP18
19,2605997.032,256235.825,BP19
20,2606037.034,256265.822,BP20
21,2606077.035,256295.82,BP21
22,2606117.037,256325.817,BP22
23,2606157.039,256355.814,BP23
24,2606197.041,256385.812,BP24
25,2606237.043,256415.809,BP25
26,2606277.045,256445.807,BP26
27,2606286.423,256452.839,BP27
28,2606274.145,256450.344,BP28
29,2606274.069,256458.121,BP29
30,2606283.471,256457.159,BP30
31,2606286.809,256465.673,BP31
32,2606272.286,256470.196,BP32
33,2606274.049,256478.295,BP33
34,2606246.937,256485.136,BP34
35,2606215.468,256478.146,BP35
36,2606214.498,256488.874,BP36
37,2606205.098,256489.738,BP37
38,2606188.069,256483.232,BP38
39,2606186.808,256486.079,BP39
40,2606202.748,256493.266,BP40
41,2606208.755,256494.952,BP41
42,2606249.307,256494.952,BP42
43,2606270.058,256489.993,BP43
44,2606289.88,256493.434,BP44
45,2606293.201,256484.01,BP45
46,2606295.431,256483.075,BP46
47,2606344.929,256490.143,BP47
48,2606348.302,256490.705,BP48
49,2606387.379,256521.898,BP49
50,2606426.456,256553.091,BP50
51,2606465.532,256584.284,BP51
52,2606504.609,256615.478,BP52
53,2606520.629,256628.266,BP53
54,2606507.228,256649.182,BP54
55,2606495.23,256644.835,BP55
56,2606491.976,256655.013,BP56
57,2606498.795,256669.856,BP57
58,2606527.459,256658.423,BP58
59,2606538.85,256661.529,BP59
60,2606531.84,256680.371,BP60
61,2606519.402,256693.135,BP61
62,2606504.074,256720.209,BP62
63,2606514.312,256722.859,BP63
64,2606526.018,256701.506,BP64
65,2606563.236,256660.088,BP65
66,2606586.814,256684.98,BP66
67,2606550.431,256719.277,BP67
68,2606542.443,256727.702,BP68
69,2606552.015,256748.229,BP69
70,2606585.344,256713.151,BP70
71,2606631.153,256693.114,BP71
72,2606644.656,256685.213,BP72
73,2606683.397,256686.149,BP73
74,2606695.852,256691.898,BP74
75,2606704.855,256686.36,BP75
76,2606752.284,256702.188,BP76
77,2606799.713,256718.016,BP77
78,2606847.141,256733.844,BP78
79,2606894.57,256749.672,BP79
80,2606941.999,256765.5,BP80
81,2606989.427,256781.328,BP81
82,2607036.856,256797.156,BP82
83,2607084.284,256812.984,BP83
84,2607131.713,256828.812,BP84
85,2607179.142,256844.64,BP85
86,2607226.57,256860.468,BP86
87,2607273.999,256876.296,BP87
88,2607328.657,256894.536,BP88
89,2607293.116,256929.705,BP89
90,2607257.575,256964.874,BP90
91,2607222.034,257000.043,BP91
92,2607215.873,257006.14,BP92
93,2607169.322,257024.388,BP93
94,2607122.771,257042.637,BP94
95,2607076.22,257060.886,BP95
96,2607029.669,257079.134,BP96
97,2606983.118,257097.383,BP97
98,2606936.567,257115.631,BP98
99,2606890.016,257133.88,BP99
100,2606843.465,257152.128,BP100
101,2606796.914,257170.377,BP101
102,2606750.363,257188.626,BP102
103,2606718.448,257201.137,BP103
104,2606687.174,257162.125,BP104
105,2606655.899,257123.114,BP105
106,2606624.228,257084.423,BP106
107,2606592.216,257046.014,BP107
108,2606560.204,257007.606,BP108
109,2606547.337,256992.168,BP109
110,2606504.578,256966.251,BP110
111,2606461.819,256940.334,BP111
112,2606419.061,256914.417,BP112
113,2606375.282,256887.883,BP113
114,2606325.847,256880.387,BP114
115,2606281.657,256873.688,BP115
116,2606251.198,256916.274,BP116
117,2606212.897,256884.133,BP117
118,2606174.596,256851.992,BP118
119,2606136.363,256819.77,BP119
120,2606098.176,256787.494,BP120
121,2606068.425,256762.349,BP121
122,2606048.387,256785.811,BP122
123,2606009.449,256754.446,BP123
124,2605970.502,256723.09,BP124
125,2605948.689,256702.409,BP125
126,2605962.084,256650.821,BP126
127,2605936.236,256640.292,BP127
128,2605937.372,256631.415,BP128
129,2605914.468,256622.283,BP129
130,2605929.188,256600.36,BP130
131,2605945.132,256600.36,BP131
132,2605959.701,256552.211,BP132
133,2605978.078,256505.711,BP133
134,2605988.468,256479.312,BP134
135,2605964.741,256457.807,BP135
136,2605958.892,256464.673,BP136
137,2605956.128,256478.701,BP137
138,2605929.564,256521.061,BP138
139,2605922.597,256528.24,BP139
140,2605917.66,256525.496,BP140
141,2605901.062,256560.405,BP141
142,2605901.159,256610.405,BP142
143,2605900.667,256622.199,BP143
144,2605889.546,256641.703,BP144
145,2605877.096,256672.196,BP145
146,2605864.794,256669.501,BP146
147,2605878.327,256621.367,BP147
148,2605885.635,256571.904,BP148
149,2605887.785,256555.007,BP149
150,2605894.262,256543.666,BP150
151,2605893.271,256541.425,BP151
152,2605916.595,256497.199,BP152
153,2605919.863,256490.567,BP153
154,2605919.446,256479.95,BP154
155,2605910.487,256471.707,BP155
156,2605889.608,256517.139,BP156
157,2605881.604,256529.563,BP157
158,2605868.729,256523.734,BP158
159,2605860.559,256527.5,BP159
160,2605855.432,256536.165,BP160
161,2605866.947,256544.779,BP161
162,2605878.14,256559.44,BP162
163,2605872.717,256578.747,BP163
164,2605858.627,256586.063,BP164
165,2605845.544,256617.017,BP165
166,2605846.114,256635.074,BP166
167,2605835.605,256660.604,BP167
168,2605827.486,256668.418,BP168
169,2605822.563,256683.359,BP169
170,2605772.569,256684.091,BP170
171,2605722.717,256687.944,BP171
172,2605701.003,256690.16,BP172
173,2605661.482,256720.789,BP173
174,2605625.585,256746.516,BP174
175,2605586.322,256715.557,BP175
176,2605546.884,256684.822,BP176
177,2605507.184,256654.426,BP177
178,2605469.008,256622.137,BP178
179,2605433.127,256588.29,BP179
180,2605414.702,256571.441,BP180
181,2605372.432,256544.734,BP181
182,2605338.218,256522.53,BP182
183,2605315.762,256477.856,BP183
184,2605293.582,256433.045,BP184
185,2605281.99,256409.485,BP185
186,2605250.104,256370.971,BP186
187,2605218.128,256332.532,BP187
188,2605212.922,256326.562,BP188
